date,prev_fatigue,prev_recovery,sleep_hours,workout_duration_min,workout_intensity,daily_load,resting_hr,avg_training_hr,fatigue_level,recovery_score,performance_score
2026-01-01,30.0,75.0,8.3,45,0.92,41.4,58.0,179,30.0,75.0,76.1
2026-01-02,30.0,75.0,7.1,60,0.72,43.2,57.0,153,26.4,69.8,69.5
2026-01-03,26.4,69.8,8.7,60,0.8,48.0,54.1,163,22.3,91.7,82.9
2026-01-04,22.3,91.7,8.8,45,0.55,24.8,50.9,127,8.4,92.6,94.5
2026-01-05,8.4,92.6,6.2,0,0.0,0.0,57.1,0,5.0,66.9,74.8
2026-01-06,5.0,66.9,6.8,60,0.84,50.4,55.8,169,11.4,77.4,81.5
2026-01-07,11.4,77.4,8.1,30,0.69,20.7,53.0,148,5.0,88.9,91.8
2026-01-08,5.0,88.9,7.7,90,0.69,62.1,54.4,148,14.7,88.7,88.7
2026-01-09,14.7,88.7,8.0,30,0.7,21.0,56.2,150,5.0,88.1,91.4
2026-01-10,5.0,88.1,7.2,0,0.0,0.0,54.6,0,5.0,81.2,86.1
2026-01-11,5.0,81.2,8.8,90,0.62,55.8,51.7,137,9.5,96.8,91.8
2026-01-12,9.5,96.8,8.7,30,0.62,18.6,52.7,138,5.0,96.5,96.6
2026-01-13,5.0,96.5,8.1,30,0.72,21.6,54.7,152,5.0,89.0,93.2
2026-01-14,5.0,89.0,9.0,60,0.83,49.8,52.7,167,6.3,99.0,95.6
2026-01-15,6.3,99.0,8.4,90,0.46,41.4,52.8,116,5.0,95.1,92.2
2026-01-16,5.0,95.1,7.2,30,0.63,18.9,55.4,140,5.0,82.0,85.4
2026-01-17,5.0,82.0,8.3,45,0.92,41.4,55.0,179,5.0,90.4,94.9
2026-01-18,5.0,90.4,7.1,60,0.52,31.2,53.2,124,5.0,79.7,86.5
2026-01-19,5.0,79.7,8.8,120,0.5,60.0,51.6,121,11.4,96.5,92.7
2026-01-20,11.4,96.5,8.0,45,0.69,31.0,52.8,147,5.0,89.3,95.6
2026-01-21,5.0,89.3,7.8,0,0.0,0.0,56.1,0,5.0,86.2,90.2
2026-01-22,5.0,86.2,7.4,0,0.0,0.0,57.4,0,5.0,80.1,86.6
2026-01-23,5.0,80.1,9.1,30,0.89,26.7,51.8,175,5.0,98.8,94.7
2026-01-24,5.0,98.8,7.9,0,0.0,0.0,54.5,0,5.0,87.3,92.0
2026-01-25,5.0,87.3,7.6,60,0.8,48.0,54.8,163,8.6,81.4,86.4
2026-01-26,8.6,81.4,7.7,0,0.0,0.0,53.4,0,5.0,88.5,89.9
2026-01-27,5.0,88.5,8.5,45,1.0,45.0,53.0,190,5.3,97.1,97.7
2026-01-28,5.3,97.1,8.3,60,0.61,36.6,52.8,136,5.0,89.7,92.9
2026-01-29,5.0,89.7,8.4,60,0.3,18.0,53.3,94,5.0,95.1,92.2
2026-01-30,5.0,95.1,8.4,30,0.94,28.2,54.0,182,5.0,92.7,91.1
2026-01-31,5.0,92.7,9.9,90,0.57,51.3,53.6,131,5.0,99.0,96.2
2026-02-01,5.0,99.0,7.6,60,0.67,40.2,55.0,145,5.0,84.9,89.0
2026-02-02,5.0,84.9,7.5,60,0.89,53.4,54.5,175,11.2,83.4,86.5
2026-02-03,11.2,83.4,7.3,0,0.0,0.0,54.8,0,5.0,78.6,87.9
2026-02-04,5.0,78.6,8.6,0,0.0,0.0,56.2,0,5.0,90.6,95.6
2026-02-05,5.0,90.6,9.0,90,0.36,32.4,51.9,102,5.0,99.0,93.5
2026-02-06,5.0,99.0,7.9,45,0.51,23.0,53.0,123,5.0,88.4,90.6
2026-02-07,5.0,88.4,7.2,45,0.73,32.8,53.6,153,5.0,83.0,88.9
2026-02-08,5.0,83.0,7.3,45,0.74,33.3,55.1,155,5.0,83.5,92.2
2026-02-09,5.0,83.5,8.6,60,0.7,42.0,53.3,149,5.0,96.1,95.4
2026-02-10,5.0,96.1,8.7,120,0.4,48.0,52.8,108,6.3,93.6,94.0
2026-02-11,6.3,93.6,8.5,30,0.3,9.0,53.8,95,5.0,99.0,97.1
2026-02-12,5.0,99.0,7.4,90,0.66,59.4,55.8,144,14.2,80.6,83.9
2026-02-13,14.2,80.6,8.2,0,0.0,0.0,55.5,0,5.0,87.3,90.7
2026-02-14,5.0,87.3,8.1,60,0.73,43.8,53.7,153,5.6,90.6,88.8
2026-02-15,5.6,90.6,8.2,60,0.78,46.8,53.7,160,7.2,90.0,90.4
2026-02-16,7.2,90.0,8.8,0,0.0,0.0,53.5,0,5.0,94.2,91.3
2026-02-17,5.0,94.2,8.2,0,0.0,0.0,54.4,0,5.0,91.3,87.6
2026-02-18,5.0,91.3,8.6,45,0.69,31.0,51.1,147,5.0,98.0,95.3
2026-02-19,5.0,98.0,8.1,120,0.75,90.0,55.6,156,26.5,93.0,85.9
2026-02-20,26.5,93.0,8.3,60,0.52,31.2,54.2,125,15.8,86.8,86.5
2026-02-21,15.8,86.8,8.6,90,0.62,55.8,54.1,138,18.1,95.1,91.1
2026-02-22,18.1,95.1,6.7,90,0.69,62.1,57.0,149,26.8,69.3,70.0
2026-02-23,26.8,69.3,7.7,45,0.8,36.0,54.9,163,19.3,81.3,84.0
2026-02-24,19.3,81.3,7.6,60,0.58,34.8,55.5,134,13.5,79.3,82.8
2026-02-25,13.5,79.3,7.4,0,0.0,0.0,54.2,0,5.0,83.0,83.3
2026-02-26,5.0,83.0,7.8,0,0.0,0.0,53.7,0,5.0,85.4,84.6
2026-02-27,5.0,85.4,9.3,90,0.63,56.7,53.3,139,8.7,99.0,95.5
2026-02-28,8.7,99.0,7.2,60,0.8,48.0,55.7,163,12.2,79.4,80.7
2026-03-01,12.2,79.4,8.9,30,0.3,9.0,51.3,93,5.0,99.0,95.4
2026-03-02,5.0,99.0,6.5,45,0.42,18.9,57.3,113,5.0,74.2,82.1
2026-03-03,5.0,74.2,7.7,60,0.38,22.8,53.3,105,5.0,86.7,91.5
2026-03-04,5.0,86.7,8.1,90,0.3,27.0,52.2,94,5.0,91.9,92.7
2026-03-05,5.0,91.9,8.5,60,0.53,31.8,53.0,126,5.0,92.4,94.8
2026-03-06,5.0,92.4,8.6,45,0.78,35.1,54.0,160,5.0,95.1,94.8
2026-03-07,5.0,95.1,8.7,45,0.6,27.0,52.4,135,5.0,92.8,90.7
2026-03-08,5.0,92.8,7.7,45,0.69,31.0,54.5,148,5.0,90.3,92.7
2026-03-09,5.0,90.3,7.6,60,0.85,51.0,55.6,170,10.0,82.6,83.3
2026-03-10,10.0,82.6,8.8,90,0.89,80.1,52.3,175,24.3,97.5,89.9
2026-03-11,24.3,97.5,7.8,45,0.64,28.8,56.0,142,13.9,82.2,84.1
2026-03-12,13.9,82.2,6.9,30,0.89,26.7,54.1,175,7.4,75.9,79.4
2026-03-13,7.4,75.9,7.0,30,0.67,20.1,54.5,145,5.0,80.2,88.5
2026-03-14,5.0,80.2,7.2,60,0.5,30.0,57.2,124,5.0,76.1,83.8
2026-03-15,5.0,76.1,8.4,90,0.54,48.6,51.8,126,7.0,99.0,97.6
2026-03-16,7.0,99.0,8.1,0,0.0,0.0,53.7,0,5.0,88.8,91.3
2026-03-17,5.0,88.8,8.6,0,0.0,0.0,54.7,0,5.0,94.9,98.0
2026-03-18,5.0,94.9,7.6,60,0.59,35.4,54.9,135,5.0,88.7,89.4
2026-03-19,5.0,88.7,8.1,0,0.0,0.0,54.4,0,5.0,93.5,95.0
2026-03-20,5.0,93.5,8.6,90,0.96,86.4,52.9,185,23.8,98.3,91.0
2026-03-21,23.8,98.3,7.7,45,0.4,18.0,55.4,109,9.0,81.3,81.6
2026-03-22,9.0,81.3,8.4,0,0.0,0.0,55.1,0,5.0,92.2,90.8
2026-03-23,5.0,92.2,7.4,90,0.46,41.4,54.5,117,6.1,87.7,92.9
2026-03-24,6.1,87.7,7.7,30,0.74,22.2,54.1,155,5.0,89.5,91.7
2026-03-25,5.0,89.5,7.7,30,0.63,18.9,55.0,140,5.0,83.6,88.9
2026-03-26,5.0,83.6,6.9,30,0.32,9.6,56.5,99,5.0,74.6,82.7
2026-03-27,5.0,74.6,8.4,0,0.0,0.0,52.2,0,5.0,99.0,98.0
2026-03-28,5.0,99.0,7.6,0,0.0,0.0,54.3,0,5.0,86.0,89.7
2026-03-29,5.0,86.0,8.0,0,0.0,0.0,53.5,0,5.0,87.7,90.3
2026-03-30,5.0,87.7,8.4,30,0.46,13.8,53.8,116,5.0,92.1,94.3
2026-03-31,5.0,92.1,8.4,0,0.0,0.0,54.7,0,5.0,90.4,92.0
2026-04-01,5.0,90.4,8.6,60,0.73,43.8,52.2,153,5.0,99.0,98.0
2026-04-02,5.0,99.0,7.9,60,0.62,37.2,54.7,139,5.0,87.1,88.1
2026-04-03,5.0,87.1,7.6,45,0.71,32.0,55.5,151,5.0,86.8,92.7
2026-04-04,5.0,86.8,7.9,45,0.72,32.4,53.6,152,5.0,89.1,89.0
2026-04-05,5.0,89.1,6.5,45,0.89,40.0,56.2,175,7.5,73.3,80.6
2026-04-06,7.5,73.3,6.7,90,0.59,53.1,55.9,135,14.8,75.0,78.1
2026-04-07,14.8,75.0,6.8,90,0.38,34.2,56.9,107,11.5,73.9,78.9
2026-04-08,11.5,73.9,7.1,0,0.0,0.0,55.4,0,5.0,78.3,82.7
2026-04-09,5.0,78.3,8.4,30,0.59,17.7,50.2,133,5.0,98.0,94.5
2026-04-10,5.0,98.0,7.2,30,0.85,25.5,56.3,170,5.0,76.2,83.8
2026-04-11,5.0,76.2,7.7,30,0.72,21.6,51.8,151,5.0,86.0,92.1
2026-04-12,5.0,86.0,9.2,60,0.63,37.8,51.1,139,5.0,99.0,98.0
2026-04-13,5.0,99.0,7.7,45,0.71,32.0,53.7,150,5.0,85.6,87.9
2026-04-14,5.0,85.6,8.7,0,0.0,0.0,54.4,0,5.0,97.1,98.0
2026-04-15,5.0,97.1,7.2,45,1.0,45.0,55.7,190,8.2,79.7,88.4
2026-04-16,8.2,79.7,7.8,45,0.66,29.7,53.7,144,5.0,91.4,92.6
2026-04-17,5.0,91.4,7.1,0,0.0,0.0,56.2,0,5.0,81.3,93.2
2026-04-18,5.0,81.3,7.7,90,0.84,75.6,54.3,168,20.8,85.0,84.6
2026-04-19,20.8,85.0,8.8,0,0.0,0.0,53.4,0,5.0,92.2,95.1
2026-04-20,5.0,92.2,6.4,90,0.71,63.9,57.2,151,18.3,73.1,76.5
2026-04-21,18.3,73.1,8.4,0,0.0,0.0,54.3,0,5.0,91.1,88.8
2026-04-22,5.0,91.1,8.2,90,0.71,63.9,53.7,150,14.4,90.3,85.5
2026-04-23,14.4,90.3,7.5,90,0.5,45.0,56.2,123,14.7,81.0,81.4
2026-04-24,14.7,81.0,6.7,120,0.36,43.2,57.1,105,15.7,68.5,74.0
2026-04-25,15.7,68.5,8.1,90,0.3,27.0,53.3,94,6.2,87.1,90.4
2026-04-26,6.2,87.1,7.5,60,0.45,27.0,52.6,114,5.0,86.2,89.8
2026-04-27,5.0,86.2,8.2,60,0.57,34.2,54.0,132,5.0,87.8,90.6
2026-04-28,5.0,87.8,8.0,60,0.6,36.0,54.0,136,5.0,90.2,92.1
2026-04-29,5.0,90.2,9.4,0,0.0,0.0,51.0,0,5.0,99.0,95.2
2026-04-30,5.0,99.0,7.8,45,0.85,38.2,55.9,170,5.0,85.0,89.6
2026-05-01,5.0,85.0,7.1,45,0.48,21.6,54.2,119,5.0,78.6,80.1
2026-05-02,5.0,78.6,8.2,90,0.71,63.9,53.4,150,14.6,90.0,87.1
2026-05-03,14.6,90.0,8.2,45,0.58,26.1,55.0,133,5.0,89.3,90.9
2026-05-04,5.0,89.3,9.2,45,0.6,27.0,52.7,135,5.0,99.0,95.7
2026-05-05,5.0,99.0,8.8,60,0.68,40.8,53.0,146,5.0,95.1,95.8
2026-05-06,5.0,95.1,8.3,30,0.76,22.8,52.5,157,5.0,93.6,97.3
2026-05-07,5.0,93.6,9.3,0,0.0,0.0,50.9,0,5.0,99.0,96.9
2026-05-08,5.0,99.0,6.9,45,0.84,37.8,55.2,168,5.5,78.1,82.5
2026-05-09,5.5,78.1,7.4,45,0.44,19.8,54.2,114,5.0,84.4,89.8
2026-05-10,5.0,84.4,7.2,30,0.65,19.5,56.5,143,5.0,83.1,90.2
2026-05-11,5.0,83.1,7.6,45,1.0,45.0,52.4,190,7.2,87.5,92.4
2026-05-12,7.2,87.5,6.8,45,0.69,31.0,56.7,149,5.0,74.4,80.9
2026-05-13,5.0,74.4,8.6,45,0.91,41.0,54.7,178,5.0,95.4,94.9
2026-05-14,5.0,95.4,7.8,45,0.67,30.2,54.0,145,5.0,87.5,91.3
2026-05-15,5.0,87.5,6.7,60,0.75,45.0,56.9,157,9.3,75.2,81.4
2026-05-16,9.3,75.2,7.1,30,0.64,19.2,55.7,142,5.0,81.1,90.0
2026-05-17,5.0,81.1,8.3,90,0.62,55.8,52.8,138,10.6,95.0,90.4
2026-05-18,10.6,95.0,8.8,90,0.51,45.9,52.4,123,9.4,99.0,97.4
2026-05-19,9.4,99.0,9.8,45,0.73,32.8,53.4,153,5.0,99.0,98.0
2026-05-20,5.0,99.0,10.5,45,0.5,22.5,52.5,121,5.0,99.0,96.7
2026-05-21,5.0,99.0,8.4,45,0.77,34.6,50.7,158,5.0,87.2,91.1
2026-05-22,5.0,87.2,7.1,90,0.85,76.5,56.9,170,22.5,75.7,77.3
2026-05-23,22.5,75.7,6.1,60,0.72,43.2,60.7,154,23.0,59.1,64.9
2026-05-24,23.0,59.1,8.2,90,0.6,54.0,54.6,136,23.4,85.5,86.4
2026-05-25,23.4,85.5,7.3,45,0.73,32.8,56.4,154,16.3,76.4,82.6
2026-05-26,16.3,76.4,7.6,60,0.59,35.4,55.7,135,11.4,79.5,82.9
2026-05-27,11.4,79.5,7.4,30,0.82,24.6,55.2,166,5.0,78.3,84.4
2026-05-28,5.0,78.3,7.9,60,0.32,19.2,53.3,97,5.0,91.1,92.7
2026-05-29,5.0,91.1,9.0,30,0.59,17.7,52.8,134,5.0,99.0,97.8
2026-05-30,5.0,99.0,8.1,60,0.3,18.0,55.0,96,5.0,89.4,89.5
2026-05-31,5.0,89.4,7.9,90,0.38,34.2,54.7,106,5.0,87.6,87.7
2026-06-01,5.0,87.6,7.1,0,0.0,0.0,55.7,0,5.0,80.7,83.4
2026-06-02,5.0,80.7,6.5,60,0.81,48.6,57.2,165,11.3,74.8,81.1
2026-06-03,11.3,74.8,7.6,0,0.0,0.0,55.4,0,5.0,79.5,86.4
2026-06-04,5.0,79.5,8.0,60,0.38,22.8,55.6,107,5.0,88.5,92.8
2026-06-05,5.0,88.5,9.6,0,0.0,0.0,52.1,0,5.0,99.0,98.0
2026-06-06,5.0,99.0,8.1,90,0.55,49.5,53.5,129,8.2,92.5,93.8
2026-06-07,8.2,92.5,8.9,0,0.0,0.0,52.1,0,5.0,99.0,98.0
2026-06-08,5.0,99.0,7.6,120,0.73,87.6,55.6,154,26.6,83.3,78.5
2026-06-09,26.6,83.3,6.9,90,0.55,49.5,58.0,131,26.9,70.4,72.2
2026-06-10,26.9,70.4,7.1,60,0.73,43.8,57.5,154,24.2,71.6,74.8
2026-06-11,24.2,71.6,7.3,60,0.37,22.2,56.4,106,12.0,72.9,81.8
2026-06-12,12.0,72.9,9.9,60,0.6,36.0,51.2,134,5.0,99.0,95.3
2026-06-13,5.0,99.0,7.3,90,0.67,60.3,54.9,145,14.9,81.9,82.6
2026-06-14,14.9,81.9,8.8,30,0.63,18.9,52.9,139,5.0,97.0,96.9
2026-06-15,5.0,97.0,7.2,60,0.79,47.4,53.1,161,9.3,81.9,86.7
2026-06-16,9.3,81.9,8.8,0,0.0,0.0,52.5,0,5.0,97.5,92.1
2026-06-17,5.0,97.5,8.3,60,0.77,46.2,54.2,159,6.2,94.2,96.2
2026-06-18,6.2,94.2,7.9,30,0.53,15.9,54.5,126,5.0,88.7,90.2
2026-06-19,5.0,88.7,8.0,60,0.81,48.6,55.1,164,8.1,88.5,89.9
2026-06-20,8.1,88.5,7.4,60,0.94,56.4,56.1,182,15.2,81.0,84.1
2026-06-21,15.2,81.0,8.4,45,0.48,21.6,54.7,120,5.0,88.9,93.3
2026-06-22,5.0,88.9,7.6,45,0.49,22.0,53.7,120,5.0,85.8,88.0
2026-06-23,5.0,85.8,6.9,60,0.89,53.4,55.3,175,12.6,76.2,81.8
2026-06-24,12.6,76.2,6.8,60,0.62,37.2,56.2,139,11.1,75.5,78.3
2026-06-25,11.1,75.5,8.2,45,0.9,40.5,52.4,176,8.6,90.2,95.5
2026-06-26,8.6,90.2,9.4,60,0.57,34.2,52.6,131,5.0,99.0,97.7
2026-06-27,5.0,99.0,8.1,90,0.91,81.9,53.2,178,22.7,92.2,87.1
2026-06-28,22.7,92.2,7.9,0,0.0,0.0,55.6,0,5.0,86.5,89.0
2026-06-29,5.0,86.5,8.3,0,0.0,0.0,52.4,0,5.0,91.6,92.8
